equipo,nombre,wiki_link,nacionalidad
Alianza,"Johan Wallens","{{bandera|COL}} [[Johan Wallens]]",COL
Alianza,"Juan Chaverra","{{bandera|COL}} [[Juan Camilo Chaverra|Juan Chaverra]]",COL
Alianza,"Antonio Simancas","{{bandera|COL}} [[Antonio Simancas]]",COL
Alianza,"Kevin Moreno","{{bandera|COL}} [[Kevin Moreno]]",COL
Alianza,"Kevin Aponzá","{{bandera|COL}} [[Kevin Aponzá]]",COL
Alianza,"Pedro Franco","{{bandera|COL}} [[Pedro Camilo Franco|Pedro Franco]]",COL
Alianza,"Yilson Rosales","{{bandera|COL}} [[Yilson Rosales]]",COL
Alianza,"Juan Viveros","{{bandera|COL}} [[Juan José Viveros|Juan Viveros]]",COL
Alianza,"Eduard Banguero","{{bandera|COL}} [[Eduard Banguero]]",COL
Alianza,"Jesús Figueroa","{{bandera|COL}} [[Jesús Figueroa (futbolista)|Jesús Figueroa]]",COL
Alianza,"Juan Arcila","{{bandera|COL}} [[Juan Pablo Arcila|Juan Arcila]]",COL
Alianza,"Ever Meza","{{bandera|COL}} [[Ever Meza]]",COL
Alianza,"Jair Castillo","{{bandera|COL}} [[Jair Castillo]]",COL
Alianza,"Wiston Fernández","{{bandera|URU}} [[Wiston Fernández]]",URU
Alianza,"Sergio Aponzá","{{bandera|COL}} [[Sergio Aponzá]]",COL
Alianza,"Charly Villegas","{{bandera|COL}} [[Charly Villegas]]",COL
Alianza,"Carlos Esparragoza","{{bandera|COL}} [[Carlos Esparragoza]]",COL
Alianza,"Luis Pérez","{{bandera|COL}} [[Luis Felipe Pérez|Luis Pérez]]",COL
Alianza,"Josy Pérez","{{bandera|COL}} [[Josy Pérez]]",COL
Alianza,"Yeiner Londoño","{{bandera|COL}} [[Yeiner Londoño]]",COL
Alianza,"Jhair Castillo","{{bandera|COL}} [[Jair Castillo]]",COL
Alianza,"Jesús Muñoz","{{bandera|COL}} [[Jesús Muñoz]]",COL
Alianza,"Cristian Vergara","{{bandera|COL}} [[Cristian Andrés Vergara|Cristian Vergara]]",COL
Alianza,"Felipe Pardo","{{bandera|COL}} [[Felipe Pardo]]",COL
Alianza,"Jeison Osorio","{{bandera|COL}} [[Jeison Osorio Cabrales|Jeison Osorio]]",COL
Alianza,"Carlos Lucumí","{{bandera|COL}} [[Carlos Lucumí]]",COL
Alianza,"Jhon Valoyes","{{bandera|COL}} [[Jhon Valoyes]]",COL
Alianza,"Sebastián Ramírez","{{bandera|COL}} [[Juan Sebastian Ramírez|Sebastián Ramírez]]",COL
Alianza,"Francesco Fiorelli","{{bandera|URU}} [[Francesco Fiorelli]]",URU
"América de Cali","Jean Fernandes","{{bandera|BRA}} [[Jean Paulo Fernandes Filho|Jean Fernandes]]",BRA
"América de Cali","Jorge Soto","{{bandera|COL}} [[Jorge Iván Soto|Jorge Soto]]",COL
"América de Cali","Alexis Sinisterra","{{bandera|COL}} [[Alexis Sinisterra]]",COL
"América de Cali","Jhon Palacios","{{bandera|COL}} [[Jhon Alexander Palacios Santos|Jhon Palacios]]",COL
"América de Cali","Marlon Torres","{{bandera|COL}} [[Marlon Torres]]",COL
"América de Cali","Dany Rosero","{{bandera|COL}} [[Dany Rosero]]",COL
"América de Cali","Andrés Mosquera","{{bandera|COL}} [[Andrés Mosquera Guardia|Andrés Mosquera]]",COL
"América de Cali","Mateo Castillo","{{bandera|COL}} [[Mateo Castillo]]",COL
"América de Cali","Marcos Mina","{{bandera|COL}} [[Marcos Mina]]",COL
"América de Cali","Brayan Correa","{{bandera|COL}} [[Brayan Correa (futbolista)|Brayan Correa]]",COL
"América de Cali","Nicolás Hernández","{{bandera|COL}} [[Nicolás Hernández Rodríguez|Nicolás Hernández]]",COL
"América de Cali","Ómar Bertel","{{bandera|COL}} [[Ómar Bertel]]",COL
"América de Cali","Josen Escobar","{{bandera|COL}} [[Josen Escobar]]",COL
"América de Cali","Dylan Borrero","{{bandera|COL}} [[Dylan Borrero]]",COL
"América de Cali","Yeison Guzmán","{{bandera|COL}} [[Yeison Guzmán]]",COL
"América de Cali","Darwin Machís","{{bandera|VEN}} [[Darwin Machís]]",VEN
"América de Cali","Rafael Carrascal","{{bandera|COL}} [[Rafael Carrascal]]",COL
"América de Cali","Jan Lucumí","{{bandera|COL}} [[Jan Lucumí]]",COL
"América de Cali","Carlos Sierra","{{bandera|COL}} [[Carlos José Sierra|Carlos Sierra]]",COL
"América de Cali","Joel Romero","{{bandera|COL}} [[Joel Romero]]",COL
"América de Cali","José Cavadía","{{bandera|COL}} [[José Cavadía]]",COL
"América de Cali","Jhon Murillo","{{bandera|VEN}} [[Jhon Murillo]]",VEN
"América de Cali","Yojan Garcés","{{bandera|COL}} [[Yojan Garcés]]",COL
"América de Cali","Jhon Tilman Palacios","{{bandera|COL}} [[Jhon Tilman Palacios]]",COL
"América de Cali","Adrián Ramos","{{bandera|COL}} [[Adrián Ramos]]",COL
"América de Cali","Kevin Angulo","{{bandera|COL}} [[Kevin Angulo]]",COL
"América de Cali","Rodrigo Holgado","{{bandera|MYS}} [[Rodrigo Holgado]]",MYS
"Atlético Bucaramanga","Aldair Quintana","{{bandera|COL}} [[Aldair Quintana]]",COL
"Atlético Bucaramanga","Luis Vásquez","{{bandera|COL}} [[Luis Erney Vásquez|Luis Vásquez]]",COL
"Atlético Bucaramanga","Jefferson Mena","{{bandera|COL}} [[Jefferson Mena]]",COL
"Atlético Bucaramanga","Martín Rea","{{bandera|URU}} [[Martín Rea]]",URU
"Atlético Bucaramanga","José García","{{bandera|COL}} [[José García Aragón|José García]]",COL
"Atlético Bucaramanga","Fredy Hinestroza","{{bandera|COL}} [[Fredy Hinestroza]]",COL
"Atlético Bucaramanga","Israel Alba","{{bandera|COL}} [[Israel Alba]]",COL
"Atlético Bucaramanga","Aldair Gutiérrez","{{bandera|COL}} [[Aldair Gutiérrez]]",COL
"Atlético Bucaramanga","Carlos Romaña","{{bandera|COL}} [[Carlos Romaña]]",COL
"Atlético Bucaramanga","Carlos de las Salas","{{bandera|COL}} [[Carlos de las Salas]]",COL
"Atlético Bucaramanga","Gustavo Charrupí","{{bandera|COL}} [[Gustavo Charrupí]]",COL
"Atlético Bucaramanga","Kevin Londoño","{{bandera|COL}} [[Kevin Londoño]]",COL
"Atlético Bucaramanga","Fabián Sambueza","{{bandera|ARG}} [[Fabián Sambueza]]",ARG
"Atlético Bucaramanga","Juan Camilo Mosquera","{{bandera|COL}} [[Juan Camilo Mosquera]]",COL
"Atlético Bucaramanga","Aldair Zárate","{{bandera|COL}} [[Aldair Zárate]]",COL
"Atlético Bucaramanga","Félix Charrupí","{{bandera|COL}} [[Félix Charrupí]]",COL
"Atlético Bucaramanga","Fabry Castro","{{bandera|COL}} [[Fabry Castro]]",COL
"Atlético Bucaramanga","Leonardo Flores","{{bandera|VEN}} [[Leonardo Flores (futbolista venezolano)|Leonardo Flores]]",VEN
"Atlético Bucaramanga","Faber Gil","{{bandera|COL}} [[Faber Gil]]",COL
"Atlético Bucaramanga","Jhon Fredy Salazar","{{bandera|COL}} [[Jhon Fredy Salazar]]",COL
"Atlético Bucaramanga","Luciano Pons","{{bandera|ARG}} [[Luciano Pons]]",ARG
"Atlético Bucaramanga","Brandon Caicedo","{{bandera|COL}} [[Brandon Caicedo]]",COL
"Atlético Bucaramanga","Gleyfer Medina","{{bandera|COL}} [[Gleyfer Medina]]",COL
"Atlético Bucaramanga","Emerson Batalla","{{bandera|COL}} [[Emerson Batalla]]",COL
"Atlético Nacional","David Ospina","{{bandera|COL}} [[David Ospina]]",COL
"Atlético Nacional","Harlen Castillo","{{bandera|COL}} [[Harlen Castillo]]",COL
"Atlético Nacional","Luis Marquinez","{{bandera|COL}} [[Luis Marquinez]]",COL
"Atlético Nacional","Mateo Valencia","{{bandera|COL}} [[Mateo Valencia]]",COL
"Atlético Nacional","Kevin Cataño","{{bandera|COL}} [[Kevin Cataño Jiménez|Kevin Cataño]]",COL
"Atlético Nacional","César Haydar","{{bandera|COL}} [[César Haydar]]",COL
"Atlético Nacional","Andrés Román","{{bandera|COL}} [[Andrés Román]]",COL
"Atlético Nacional","William Tesillo","{{bandera|COL}} [[William Tesillo]]",COL
"Atlético Nacional","Andrés Salazar","{{bandera|COL}} [[Andrés Salazar Osorio|Andrés Salazar]]",COL
"Atlético Nacional","Juan José Arias","{{bandera|COL}} [[Juan José Arias]]",COL
"Atlético Nacional","Simón García","{{bandera|COL}} [[Simón García Valero|Simón García]]",COL
"Atlético Nacional","Royer Caicedo","{{bandera|COL}} [[Royer Caicedo]]",COL
"Atlético Nacional","Cristian Uribe","{{bandera|COL}} [[Cristian Uribe Uribe|Cristian Uribe]]",COL
"Atlético Nacional","Samuel Velásquez","{{bandera|COL}} [[Samuel Velásquez]]",COL
"Atlético Nacional","Milton Casco","{{bandera|ARG}} [[Milton Casco]]",ARG
"Atlético Nacional","Mateus Uribe","{{bandera|COL}} [[Mateus Uribe]]",COL
"Atlético Nacional","Edwin Cardona","{{bandera|COL}} [[Edwin Cardona]]",COL
"Atlético Nacional","Jorman Campuzano","{{bandera|COL}} [[Jorman Campuzano]]",COL
"Atlético Nacional","Elkin Rivero","{{bandera|COL}} [[Elkin Rivero]]",COL
"Atlético Nacional","Juan Bauza","{{bandera|ARG}} [[Juan Bauza]]",ARG
"Atlético Nacional","Luis Landázuri","{{bandera|COL}} [[Luis Miguel Landázuri|Luis Landázuri]]",COL
"Atlético Nacional","Juan Rengifo","{{bandera|COL}} [[Juan Manuel Rengifo|Juan Rengifo]]",COL
"Atlético Nacional","Juan Zapata","{{bandera|COL}} [[Juan Zapata Zumaque|Juan Zapata]]",COL
"Atlético Nacional","Marlos Moreno","{{bandera|COL}} [[Marlos Moreno]]",COL
"Atlético Nacional","Alfredo Morelos","{{bandera|COL}} [[Alfredo Morelos]]",COL
"Atlético Nacional","Marino Hinestroza","{{bandera|COL}} [[Marino Hinestroza]]",COL
"Atlético Nacional","Dairon Asprilla","{{bandera|COL}} [[Dairon Asprilla]]",COL
"Atlético Nacional","Andrés Sarmiento","{{bandera|COL}} [[Andrés de Jesús Sarmiento|Andrés Sarmiento]]",COL
"Atlético Nacional","Juan Rosa","{{bandera|COL}} [[Juan José Rosa|Juan Rosa]]",COL
"Atlético Nacional","Nico Rodríguez","{{bandera|COL}} [[Nico Rodríguez]]",COL
"Atlético Nacional","Eduard Bello","{{bandera|VEN}} [[Eduard Bello]]",VEN
"Atlético Nacional","Emilio Aristizábal","{{bandera|COL}} [[Emilio Aristizábal]]",COL
"Atlético Nacional","Jayder Asprilla","{{bandera|COL}} [[Jayder Asprilla]]",COL
"Boyacá Chicó","Rogerio Caicedo","{{bandera|COL}} [[Rogerio Caicedo]]",COL
"Boyacá Chicó","Brandonn Zapata","{{bandera|COL}} [[Brandonn Stict Zapata Aponzá|Brandonn Zapata]]",COL
"Boyacá Chicó","Emiliano Denis","{{bandera|URU}} [[Emiliano Denis|Darío Denis]]",URU
"Boyacá Chicó","Anyelo Saldaña","{{bandera|COL}} [[Anyelo Saldaña]]",COL
"Boyacá Chicó","Yaliston Martínez","{{bandera|COL}} [[Yaliston Martínez]]",COL
"Boyacá Chicó","Jaime Díaz","{{bandera|COL}} [[Jaime Díaz Montes|Jaime Díaz]]",COL
"Boyacá Chicó","Arlen Banguero","{{bandera|COL}} [[Arlen Banguero]]",COL
"Boyacá Chicó","Juan Palma","{{bandera|COL}} [[Juan Sebastian Palma|Juan Palma]]",COL
"Boyacá Chicó","Kevin Angulo","{{bandera|COL}} [[Kevin Angulo]]",COL
"Boyacá Chicó","Abdid Muñoz","{{bandera|COL}} [[Abdid Muñoz]]",COL
"Boyacá Chicó","Yael López","{{bandera|COL}} [[Yael López]]",COL
"Boyacá Chicó","Jesús Campo","{{bandera|COL}} [[Jesús Campo]]",COL
"Boyacá Chicó","Camilo Quiceno","{{bandera|COL}} [[Juan Camilo Quiceno|Camilo Quiceno]]",COL
"Boyacá Chicó","Jhonny Jordán","{{bandera|COL}} [[Jhonny Jordán]]",COL
"Boyacá Chicó","Andrés Aedo","{{bandera|COL}} [[Andrés Aedo]]",COL
"Boyacá Chicó","Sebastián Salazar","{{bandera|COL}} [[Sebastián Salazar (futbolista)|Sebastián Salazar]]",COL
"Boyacá Chicó","Delio Ramírez","{{bandera|COL}} [[Delio Angel Ramírez|Delio Ramírez]]",COL
"Boyacá Chicó","Jeison Mena","{{bandera|COL}} [[Jeison Mena Victoria|Jeison Mena]]",COL
"Boyacá Chicó","Nicolás Valencia","{{bandera|CHL}} [[Nicolás Anelka Valencia|Nicolás Valencia]]",CHL
"Boyacá Chicó","Kevin Londoño","{{bandera|COL}} [[Kevin Andrey Londoño|Kevin Londoño]]",COL
"Boyacá Chicó","Juan Díaz","{{bandera|COL}} [[Juan Carlos Díaz|Juan Díaz]]",COL
"Boyacá Chicó","Juan Marcelin","{{bandera|COL}} [[Juan Marcelin]]",COL
"Boyacá Chicó","Kevin Salazar","{{bandera|COL}} [[Kevin Salazar Ruiz|Kevin Salazar]]",COL
"Boyacá Chicó","Sebastián Ostos","{{bandera|COL}} [[Juan Sebastian Ostos|Sebastián Ostos]]",COL
"Boyacá Chicó","Eric Krame","{{bandera|URU}} [[Eric Krame]]",URU
"Boyacá Chicó","Ítalo Montaño","{{bandera|COL}} [[Ítalo Montaño]]",COL
"Boyacá Chicó","Jairo Molina","{{bandera|COL}} [[Jairo Molina]]",COL
"Boyacá Chicó","Jacobo Pimentel","{{bandera|COL}} [[Jacobo Pimentel]]",COL
"Boyacá Chicó","Luis Segura","{{bandera|COL}} [[Luis Carlos Segura|Luis Segura]]",COL
"Cúcuta Deportivo","Juan David Ramírez","{{bandera|COL}} [[Juan David Ramirez]]",COL
"Cúcuta Deportivo","Federico Abadía","{{bandera|ARG}} [[Federico Abadía]]",ARG
"Cúcuta Deportivo","Armando Ballesteros","{{bandera|COL}} [[Armando Ballesteros]]",COL
"Cúcuta Deportivo","Diego Calcaterra","{{bandera|ARG}} [[Diego Calcaterra]]",ARG
"Cúcuta Deportivo","Jhon Quiñones","{{bandera|COL}} [[Jhon Alexander Quiñones]]",COL
"Cúcuta Deportivo","Sebastián Rodríguez","{{bandera|COL}} [[Sebastián Rodríguez Córdoba|Sebastián Rodríguez]]",COL
"Cúcuta Deportivo","Alexander Borja","{{bandera|COL}} [[Alexander Borja Cordoba|Alexander Borja]]",COL
"Cúcuta Deportivo","Mauricio Duarte","{{bandera|COL}} [[Mauricio Duarte]]",COL
"Cúcuta Deportivo","Brayan Montaño","{{bandera|COL}} [[Brayan Montaño]]",COL
"Cúcuta Deportivo","Manuel Carmona","{{bandera|USA}} [[Manuel Carmona]]",USA
"Cúcuta Deportivo","Víctor Mejía","{{bandera|COL}} [[Víctor Mejía]]",COL
"Cúcuta Deportivo","Santiago Orozco","{{bandera|COL}} [[Santiago Orozco]]",COL
"Cúcuta Deportivo","Léider Berdugo","{{bandera|COL}} [[Léider Berdugo]]",COL
"Cúcuta Deportivo","Diego Ceballos","{{bandera|COL}} [[Juan Diego Ceballos|Diego Ceballos]]",COL
"Cúcuta Deportivo","Jhonatan González","{{bandera|COL}} [[Jhonatan González]]",COL
"Cúcuta Deportivo","Lucas Ríos","{{bandera|ARG}} [[Lucas Ríos]]",ARG
"Cúcuta Deportivo","Sebastián Támara","{{bandera|COL}} [[Sebastián Támara]]",COL
"Cúcuta Deportivo","Agustín Cano","{{bandera|COL}} [[Agustín Cano]]",COL
"Cúcuta Deportivo","Felipe Gómez","{{bandera|COL}} [[Felipe Gómez Londoño|Felipe Gómez]]",COL
"Cúcuta Deportivo","Jaime Peralta","{{bandera|COL}} [[Jaime Andres Peralta|Jaime Peralta]]",COL
"Cúcuta Deportivo","Luifer Hernández","{{bandera|VEN}} [[Luifer Hernández]]",VEN
"Cúcuta Deportivo","Eduar Arizalas","{{bandera|COL}} [[Eduar Arizalas]]",COL
"Cúcuta Deportivo","Jhon Valencia","{{bandera|COL}} [[Jhon Alexander Valencia|Jhon Valencia]]",COL
"Cúcuta Deportivo","Jonathan Agudelo","{{bandera|COL}} [[Jonathan Agudelo]]",COL
"Cúcuta Deportivo","Cristian Córdoba","{{bandera|COL}} [[Cristian Córdoba]]",COL
"Deportes Tolima","John Azcarate","{{bandera|COL}} [[John Azcarate]]",COL
"Deportes Tolima","Gali José Balanta","{{bandera|COL}} [[Gali José Balanta]]",COL
"Deportes Tolima","Neto Volpi","{{bandera|BRA}} [[Neto Volpi]]",BRA
"Deportes Tolima","Luis Marquinez","{{bandera|COL}} [[Luis Marquinez]]",COL
"Deportes Tolima","Anderson Angulo","{{bandera|COL}} [[Anderson Angulo]]",COL
"Deportes Tolima","Jan Carlos Angulo","{{bandera|COL}} [[Juan Carlos Angulo]]",COL
"Deportes Tolima","Juan José Mera","{{bandera|COL}} [[Juan José Mera]]",COL
"Deportes Tolima","Cristian Arrieta","{{bandera|COL}} [[Cristian Arrieta]]",COL
"Deportes Tolima","Junior Hernández","{{bandera|COL}} [[Junior Hernández]]",COL
"Deportes Tolima","Yhorman Hurtado","{{bandera|COL}} [[Yhorman Hurtado]]",COL
"Deportes Tolima","Michael Stiven Martinez","{{bandera|COL}} [[Michael Stiven Martinez]]",COL
"Deportes Tolima","Shean Paul Barbosa","{{bandera|COL}} [[Shean Paul Barbosa]]",COL
"Deportes Tolima","Cristian Trujillo","{{bandera|COL}} [[Cristian Trujillo]]",COL
"Deportes Tolima","Juan Pablo Torres","{{bandera|COL}} [[Juan Pablo Torres Patiño|Juan Pablo Torres]]",COL
"Deportes Tolima","Elan Joseph Ricardo","{{bandera|BRA}} [[Elan Joseph Ricardo]]",BRA
"Deportes Tolima","Juan Nieto","{{bandera|COL}} [[Juan Pablo Nieto]]",COL
"Deportes Tolima","Víctor Manuel Reyes","{{bandera|COL}} [[Víctor Manuel Reyes]]",COL
"Deportes Tolima","Sebastián Guzmán","{{bandera|COL}} [[Sebastián Felipe Guzmán|Sebastián Guzmán]]",COL
"Deportes Tolima","Bryan Rovira","{{bandera|CHL}} [[Bryan Rovira]]",CHL
"Deportes Tolima","Luis Miguel Landázuri","{{bandera|COL}} [[Luis Miguel Landázuri]]",COL
"Deportes Tolima","Juan Torres","{{bandera|COL}} [[Juan Pablo Torres Patiño|Juan Torres]]",COL
"Deportes Tolima","Elan Ricardo","{{bandera|COL}} [[Elan Ricardo]]",COL
"Deportes Tolima","Jersson González","{{bandera|COL}} [[Jersson González Niño|Jersson González]]",COL
"Deportes Tolima","Ever Valencia","{{bandera|COL}} [[Ever Valencia]]",COL
"Deportes Tolima","Luis Sandoval","{{bandera|COL}} [[Luis Fernando Sandoval|Luis Sandoval]]",COL
"Deportes Tolima","Gonzalo Lencina","{{bandera|ARG}} [[Gonzalo Lencina]]",ARG
"Deportes Tolima","Kelvin Flórez","{{bandera|COL}} [[Kelvin Flórez]]",COL
"Deportes Tolima","Adrián Parra","{{bandera|COL}} [[Adrián Parra]]",COL
"Deportes Tolima","Jeinner Fuentes","{{bandera|COL}} [[Jeinner Fuentes]]",COL
"Deportes Tolima","Edwar López","{{bandera|COL}} [[Edwar López]]",COL
"Deportes Tolima","Yoimar Moreno","{{bandera|COL}} [[Yoimar Moreno]]",COL
"Deportivo Cali","Pedro Gallese","{{bandera|PER}} [[Pedro Gallese]]",PER
"Deportivo Cali","Miguel Sánchez","{{bandera|COL}} [[Miguel Angel Sánchez|Miguel Sánchez]]",COL
"Deportivo Cali","Alejandro Rojo","{{bandera|ESP}} [[Alejandro Rojo]]",ESP
"Deportivo Cali","Marco Espíndola","{{bandera|COL}} [[Marco Espíndola]]",COL
"Deportivo Cali","Felipe Aguilar","{{bandera|COL}} [[Felipe Aguilar Mendoza|Felipe Aguilar]]",COL
"Deportivo Cali","Andrés Correa","{{bandera|COL}} [[Andrés Correa]]",COL
"Deportivo Cali","Fernando Álvarez","{{bandera|USA}} [[Fernando Álvarez (futbolista colombiano)|Fernando Álvarez]]",USA
"Deportivo Cali","José Caldera","{{bandera|COL}} [[José Caldera]]",COL
"Deportivo Cali","Julián Quiñones","{{bandera|COL}} [[Julián Alveiro Quiñones|Julián Quiñones]]",COL
"Deportivo Cali","Juan Jose Tello","{{bandera|COL}} [[Juan Jose Tello]]",COL
"Deportivo Cali","Fabián Viáfara","{{bandera|COL}} [[Fabián Viáfara]]",COL
"Deportivo Cali","Luis Manuel Orejuela","{{bandera|COL}} [[Luis Manuel Orejuela]]",COL
"Deportivo Cali","Mateo Benitez","{{bandera|COL}} [[Mateo Benitez]]",COL
"Deportivo Cali","Brait Garcia","{{bandera|COL}} [[Brait Garcia]]",COL
"Deportivo Cali","Ronaldo Pajaro","{{bandera|COL}} [[Ronaldo Pajaro]]",COL
"Deportivo Cali","Daniel Giraldo","{{bandera|COL}} [[Daniel Giraldo]]",COL
"Deportivo Cali","Emanuel Reynoso","{{bandera|ARG}} [[Emanuel Reynoso]]",ARG
"Deportivo Cali","Yani Quintero","{{bandera|COL}} [[Yani Quintero]]",COL
"Deportivo Cali","Javier Mena","{{bandera|COL}} [[Javier Mena]]",COL
"Deportivo Cali","Johan Martínez","{{bandera|COL}} [[Johan Martínez]]",COL
"Deportivo Cali","Santiago Colonia","{{bandera|USA}} [[Santiago Colonia]]",USA
"Deportivo Cali","Andrés Colorado","{{bandera|COL}} [[Andrés Colorado]]",COL
"Deportivo Cali","Matias Orozco","{{bandera|COL}} [[Matias Orozco]]",COL
"Deportivo Cali","Juan Jose Montoya","{{bandera|COL}} [[Juan Jose Montoya]]",COL
"Deportivo Cali","Santiago Martinez","{{bandera|COL}} [[Santiago Martinez]]",COL
"Deportivo Cali","Juan Ignacio Dinenno","{{bandera|ARG}} [[Juan Ignacio Dinenno]]",ARG
"Deportivo Cali","Michael Aponzá","{{bandera|COL}} [[Jhon Michael Aponzá|Michael Aponzá]]",COL
"Deportivo Cali","Juan Manuel Arango","{{bandera|COL}} [[Juan Manuel Arango]]",COL
"Deportivo Cali","Avilés Hurtado","{{bandera|COL}} [[Avilés Hurtado]]",COL
"Deportivo Cali","Steven Rodríguez","{{bandera|COL}} [[Andrés Steven Rodríguez|Steven Rodríguez]]",COL
"Deportivo Cali","Jean Galindo","{{bandera|COL}} [[Jean Galindo]]",COL
"Deportivo Cali","Jhon Cabal","{{bandera|COL}} [[Jhon Cabal]]",COL
"Deportivo Pasto","Geovanni Banguera","{{bandera|COL}} [[Geovanni Banguera]]",COL
"Deportivo Pasto","Juan Marquinez","{{bandera|COL}} [[Juan Felipe Marquinez]]",COL
"Deportivo Pasto","Iago Herrerín","{{bandera|ESP}} [[Iago Herrerín]]",ESP
"Deportivo Pasto","Fainer Torijano","{{bandera|COL}} [[Fainer Torijano]]",COL
"Deportivo Pasto","Nicolás Gil","{{bandera|COL}} [[Nicolás Gil]]",COL
"Deportivo Pasto","Edwin Velasco","{{bandera|COL}} [[Edwin Velasco]]",COL
"Deportivo Pasto","Hervin Goyes","{{bandera|COL}} [[Hervin Goyes]]",COL
"Deportivo Pasto","Mateo Garavito","{{bandera|COL}} [[Mateo Garavito]]",COL
"Deportivo Pasto","Ramiro Morales","{{bandera|COL}} [[Ramiro Morales]]",COL
"Deportivo Pasto","Santiago Jiménez","{{bandera|COL}} [[Santiago Jiménez]]",COL
"Deportivo Pasto","Johan Caicedo","{{bandera|COL}} [[Johan Caicedo]]",COL
"Deportivo Pasto","Enrique Serje","{{bandera|COL}} [[Enrique Serje]]",COL
"Deportivo Pasto","Diego Chávez","{{bandera|ARG}} [[Diego Gabriel Chávez|Diego Chávez]]",ARG
"Deportivo Pasto","Andrey Estupiñán","{{bandera|COL}} [[Andrey Estupiñán]]",COL
"Deportivo Pasto","Harrinson Mancilla","{{bandera|COL}} [[Harrinson Mancilla]]",COL
"Deportivo Pasto","Yéiler Góez","{{bandera|COL}} [[Yéiler Góez]]",COL
"Deportivo Pasto","Matías Pisano","{{bandera|ARG}} [[Matías Pisano]]",ARG
"Deportivo Pasto","Gian Carlos Cabezas","{{bandera|COL}} [[Gian Carlos Cabezas]]",COL
"Deportivo Pasto","Willian Ordóñez","{{bandera|COL}} [[Willian Felipe Ordóñez|Willian Ordóñez]]",COL
"Deportivo Pasto","Jonathan Perlaza","{{bandera|COL}} [[Jonathan Perlaza]]",COL
"Deportivo Pasto","Jeirye Caicedo","{{bandera|COL}} [[Jeirye Stevens Caicedo|Jeirye Caicedo]]",COL
"Deportivo Pasto","Mayer Gil","{{bandera|SLV}} [[Mayer Gil]]",SLV
"Deportivo Pasto","Joider Micolta","{{bandera|COL}} [[Joider Micolta]]",COL
"Deportivo Pasto","Wilson Morelo","{{bandera|COL}} [[Wilson Morelo]]",COL
"Deportivo Pasto","Jaider Moreno","{{bandera|COL}} [[Jaider Victoria Moreno|Jaider Moreno]]",COL
"Deportivo Pasto","Patrick Preciado","{{bandera|COL}} [[Patrick Preciado]]",COL
"Deportivo Pasto","Santiago Córdoba","{{bandera|COL}} [[Santiago Córdoba]]",COL
"Deportivo Pasto","José Bernal","{{bandera|PAN}} [[José Eduardo Bernal|José Bernal]]",PAN
"Deportivo Pereira","Jorge Martínez","{{bandera|COL}} [[Jorge Eliécer Martínez|Jorge Martínez]]",COL
"Deportivo Pereira","Juan Betancourth","{{bandera|COL}} [[Juan Miguel Betancourth|Juan Betancourth]]",COL
"Deportivo Pereira","Alejandro Rodríguez","{{bandera|COL}} [[Alejandro Rodríguez Baena|Alejandro Rodríguez]]",COL
"Deportivo Pereira","Sebastián Urrea","{{bandera|COL}} [[Sebastián Urrea]]",COL
"Deportivo Pereira","Julián Bazán","{{bandera|COL}} [[Julián Bazán]]",COL
"Deportivo Pereira","Santiago Aguilar","{{bandera|COL}} [[Santiago Andrés Aguilar|Santiago Aguilar]]",COL
"Deportivo Pereira","Eber Moreno","{{bandera|COL}} [[Eber Moreno]]",COL
"Deportivo Pereira","Jordy Monroy","{{bandera|ARM}} [[Jordy Monroy]]",ARM
"Deportivo Pereira","Walmer Pacheco","{{bandera|COL}} [[Walmer Pacheco]]",COL
"Deportivo Pereira","Danilo Ortiz","{{bandera|PAR}} [[Danilo Ortiz]]",PAR
"Deportivo Pereira","Fabio Delgado","{{bandera|COL}} [[Fabio Delgado]]",COL
"Deportivo Pereira","Jorge Bermúdez","{{bandera|COL}} [[Jorge Andrés Bermúdez Correa|Jorge Bermúdez]]",COL
"Deportivo Pereira","Sebastián Acosta","{{bandera|COL}} [[Sebastián Acosta]]",COL
"Deportivo Pereira","Ederson Moreno","{{bandera|COL}} [[Ederson Moreno]]",COL
"Deportivo Pereira","Nicolás Rengifo","{{bandera|COL}} [[Nicolás Rengifo]]",COL
"Deportivo Pereira","Felipe Mosquera","{{bandera|COL}} [[Luis Felipe Mosquera Paredes|Felipe Mosquera]]",COL
"Deportivo Pereira","Diego Mendoza","{{bandera|COL}} [[Diego Andrés Mendoza|Diego Mendoza]]",COL
"Deportivo Pereira","Miguel Aguirre","{{bandera|COL}} [[Miguel Angel Aguirre Quintana|Miguel Aguirre]]",COL
"Deportivo Pereira","John Montoya","{{bandera|COL}} [[John Alexander Montoya|John Montoya]]",COL
"Deportivo Pereira","Jhon Largacha","{{bandera|COL}} [[Jhon Edinson Largacha|Jhon Largacha]]",COL
"Deportivo Pereira","Yúber Quiñones","{{bandera|COL}} [[Yúber Quiñones]]",COL
"Deportivo Pereira","Gustavo Torres","{{bandera|COL}} [[Gustavo Torres]]",COL
"Deportivo Pereira","Marco Pérez","{{bandera|COL}} [[Marco Pérez Murillo|Marco Pérez]]",COL
"Deportivo Pereira","Alejandro Álvarez","{{bandera|COL}} [[Alejandro Álvarez Vallejo|Alejandro Álvarez]]",COL
"Deportivo Pereira","Andrés Calderón","{{bandera|COL}} [[Andrés Calderón]]",COL
"Deportivo Pereira","Luis Palacios","{{bandera|COL}} [[Luis Miguel Palacios Fory|Luis Palacios]]",COL
"Deportivo Pereira","Anderson Plata","{{bandera|COL}} [[Anderson Plata]]",COL
Fortaleza,"Miguel Silva","{{bandera|VEN}} [[Miguel Alejandro Silva|Miguel Silva]]",VEN
Fortaleza,"Michael Barragán","{{bandera|COL}} [[Michael Barragán]]",COL
Fortaleza,"Cristian Santander","{{bandera|COL}} [[Cristian Santander]]",COL
Fortaleza,"Victor Lasso","{{bandera|COL}} [[Victor Lasso]]",COL
Fortaleza,"David Ramírez","{{bandera|COL}} [[David Ramírez Pisciotti|David Ramírez]]",COL
Fortaleza,"Jonathan Marulanda","{{bandera|COL}} [[Jonathan Marulanda]]",COL
Fortaleza,"Edwin Cabezas","{{bandera|COL}} [[Edwin Cabezas]]",COL
Fortaleza,"Miguel Pernía","{{bandera|VEN}} [[Miguel Pernía]]",VEN
Fortaleza,"Santiago Cuero","{{bandera|COL}} [[Santiago Cuero]]",COL
Fortaleza,"Joan Cajares","{{bandera|COL}} [[Joan Cajares]]",COL
Fortaleza,"Harold Balanta","{{bandera|COL}} [[Harold Balanta]]",COL
Fortaleza,"Yesid Díaz","{{bandera|COL}} [[Yesid Díaz]]",COL
Fortaleza,"Sebastián Navarro","{{bandera|COL}} [[Sebastián Navarro]]",COL
Fortaleza,"Jhon Velásquez","{{bandera|COL}} [[Jhon Velásquez]]",COL
Fortaleza,"Andrés Amaya","{{bandera|COL}} [[Andrés Amaya]]",COL
Fortaleza,"Leonardo Pico","{{bandera|COL}} [[Leonardo Pico]]",COL
Fortaleza,"Kevin Balanta","{{bandera|COL}} [[Kevin Adrián Balanta|Kevin Balanta]]",COL
Fortaleza,"Sebastián Ramírez","{{bandera|COL}} [[Sebastián Ramírez Maya|Sebastián Ramírez]]",COL
Fortaleza,"Jerónimo Barrera","{{bandera|COL}} [[Jerónimo Barrera]]",COL
Fortaleza,"José Guzmán","{{bandera|COL}} [[José Guzmán]]",COL
Fortaleza,"Jhon Solís","{{bandera|COL}} [[Jhon Jairo Solís|Jhon Solís]]",COL
Fortaleza,"Jerónimo Velásquez","{{bandera|COL}} [[Jerónimo Velásquez]]",COL
Fortaleza,"Andrés Arroyo","{{bandera|COL}} [[Andrés Juan Arroyo|Andrés Arroyo]]",COL
Fortaleza,"Jader Martínez","{{bandera|COL}} [[Jhon Jader Martínez|Jader Martínez]]",COL
Fortaleza,"Sebastián Herrera","{{bandera|COL}} [[Juan Sebastián Herrera|Sebastián Herrera]]",COL
Fortaleza,"Jhon Sebastián Palacios","{{bandera|COL}} [[Jhon Sebastián Palacios]]",COL
Fortaleza,"Jhoiner Salas","{{bandera|COL}} [[Jhoiner Salas]]",COL
Fortaleza,"Richardson Rivas","{{bandera|COL}} [[Richardson Rivas]]",COL
Fortaleza,"Teun Wilke","{{bandera|MEX}} [[Teun Wilke]]",MEX
Fortaleza,"Franco Pulicastro","{{bandera|ARG}} [[Franco Pulicastro]]",ARG
"Independiente Medellín","Salvador Ichazo","{{bandera|URU}} [[Salvador Ichazo]]",URU
"Independiente Medellín","José Luis Chunga","{{bandera|COL}} [[José Luis Chunga]]",COL
"Independiente Medellín","Eder Chaux","{{bandera|COL}} [[Eder Chaux]]",COL
"Independiente Medellín","Iker Blanco","{{bandera|COL}} [[Iker Blanco]]",COL
"Independiente Medellín","Yimmy Gómez","{{bandera|COL}} [[Yimmy Gómez]]",COL
"Independiente Medellín","Leyser Chaverra","{{bandera|COL}} [[Leyser Chaverra]]",COL
"Independiente Medellín","Kevin Mantilla","{{bandera|COL}} [[Kevin Mantilla]]",COL
"Independiente Medellín","Juan Viveros","{{bandera|COL}} [[Juan Manuel Viveros|Juan Viveros]]",COL
"Independiente Medellín","John Montaño","{{bandera|COL}} [[John Edwin Montaño|John Montaño]]",COL
"Independiente Medellín","Daniel Londoño","{{bandera|COL}} [[Daniel Londoño]]",COL
"Independiente Medellín","José Ortiz","{{bandera|COL}} [[José Ortiz Cortés|José Ortiz]]",COL
"Independiente Medellín","Malcom Palacios","{{bandera|COL}} [[Malcom Palacios]]",COL
"Independiente Medellín","Marlon Balanta","{{bandera|COL}} [[Marlon Andres Balanta|Marlon Balanta]]",COL
"Independiente Medellín","Luis Escorcia","{{bandera|COL}} [[Luis Fernando Escorcia|Luis Escorcia]]",COL
"Independiente Medellín","Didier Moreno","{{bandera|COL}} [[Didier Moreno]]",COL
"Independiente Medellín","Léider Berrío","{{bandera|COL}} [[Léider Berrío]]",COL
"Independiente Medellín","Alexis Serna","{{bandera|COL}} [[Alexis Serna]]",COL
"Independiente Medellín","Daniel Cataño","{{bandera|COL}} [[Daniel Cataño]]",COL
"Independiente Medellín","Francisco Chaverra","{{bandera|COL}} [[Francisco Chaverra]]",COL
"Independiente Medellín","Baldomero Perlaza","{{bandera|COL}} [[Baldomero Perlaza]]",COL
"Independiente Medellín","Luis Maturana","{{bandera|COL}} [[Luis Maturana]]",COL
"Independiente Medellín","Halam Loboa","{{bandera|COL}} [[Halam Loboa]]",COL
"Independiente Medellín","Gerónimo Mancilla","{{bandera|COL}} [[Gerónimo Mancilla]]",COL
"Independiente Medellín","Esneyder Mena","{{bandera|COL}} [[Esneyder Mena]]",COL
"Independiente Medellín","Diego Moreno","{{bandera|COL}} [[Diego Moreno Quintero|Diego Moreno]]",COL
"Independiente Medellín","Enzo Larrosa","{{bandera|URU}} [[Enzo Larrosa]]",URU
"Independiente Medellín","Yony González","{{bandera|COL}} [[Yony González]]",COL
"Independiente Medellín","Francisco Fydriszewski","{{bandera|ARG}} [[Francisco Fydriszewski]]",ARG
"Independiente Medellín","Nezareth Segura","{{bandera|COL}} [[Nezareth Segura]]",COL
"Independiente Medellín","Jáder Valencia","{{bandera|COL}} [[Jáder Valencia]]",COL
"Independiente Santa Fe","Andrés Mosquera","{{bandera|COL}} [[Andrés Mosquera Marmolejo|Andrés Mosquera]]",COL
"Independiente Santa Fe","Weimar Asprilla","{{bandera|COL}} [[Weimar Asprilla Mena|Weimar Asprilla]]",COL
"Independiente Santa Fe","Ángel Álvarez","{{bandera|COL}} [[Ángel David Álvarez|Ángel Álvarez]]",COL
"Independiente Santa Fe","Jhoyler Andrades","{{bandera|COL}} [[Jhoyler Andrades]]",COL
"Independiente Santa Fe","Carlos Nemocón","{{bandera|COL}} [[Carlos Nemocón]]",COL
"Independiente Santa Fe","Víctor Moreno","{{bandera|COL}} [[Víctor Andrés Moreno Córdoba|Víctor Moreno]]",COL
"Independiente Santa Fe","Helibelton Palacios","{{bandera|COL}} [[Helibelton Palacios]]",COL
"Independiente Santa Fe","Iván Scarpeta","{{bandera|COL}} [[Iván Scarpeta]]",COL
"Independiente Santa Fe","Emanuel Olivera","{{bandera|ARG}} [[Emanuel Olivera]]",ARG
"Independiente Santa Fe","Jeison Angulo","{{bandera|COL}} [[Jeison Angulo]]",COL
"Independiente Santa Fe","Santiago Tamayo","{{bandera|COL}} [[Santiago Tamayo Gómez|Santiago Tamayo]]",COL
"Independiente Santa Fe","Yeicar Perlaza","{{bandera|COL}} [[Yeicar Perlaza]]",COL
"Independiente Santa Fe","Christian Mafla","{{bandera|COL}} [[Christian Mafla]]",COL
"Independiente Santa Fe","Jhon Rentería","{{bandera|COL}} [[Jhon Rentería]]",COL
"Independiente Santa Fe","Juan Quintero","{{bandera|COL}} [[Juan Quintero Fletcher|Juan Quintero]]",COL
"Independiente Santa Fe","Kilian Toscano","{{bandera|COL}} [[Kilian Toscano]]",COL
"Independiente Santa Fe","Jhojan Torres","{{bandera|COL}} [[Jhojan Torres]]",COL
"Independiente Santa Fe","Alexis Zapata","{{bandera|COL}} [[Alexis Zapata]]",COL
"Independiente Santa Fe","Luis Palacios","{{bandera|COL}} [[Luis Ángel Palacios|Luis Palacios]]",COL
"Independiente Santa Fe","Daniel Torres","{{bandera|COL}} [[Daniel Alejandro Torres|Daniel Torres]]",COL
"Independiente Santa Fe","Yílmar Velásquez","{{bandera|COL}} [[Yílmar Velásquez]]",COL
"Independiente Santa Fe","Ewil Murillo","{{bandera|COL}} [[Ewil Murillo]]",COL
"Independiente Santa Fe","Omar Fernández","{{bandera|Chile}} [[Omar Fernández Frasica|Omar Fernández]]",Chile
"Independiente Santa Fe","Franco Fagúndez","{{bandera|URU}} [[Franco Fagúndez]]",URU
"Independiente Santa Fe","Hugo Rodallega","{{bandera|COL}} [[Hugo Rodallega]]",COL
"Independiente Santa Fe","Nahuel Bustos","{{bandera|ARG}} [[Nahuel Bustos]]",ARG
"Independiente Santa Fe","Edwin Mosquera","{{bandera|COL}} [[Edwin Stiven Mosquera|Edwin Mosquera]]",COL
"Independiente Santa Fe","Jorge Ramos","{{bandera|COL}} [[Jorge Luis Ramos|Jorge Ramos]]",COL
"Independiente Santa Fe","Marlon Balanta","{{bandera|COL}} [[Marlon Balanta]]",COL
"Independiente Santa Fe","Joshef Zea","{{bandera|COL}} [[Joshef Zea]]",COL
"Independiente Santa Fe","Martín Palacios","{{bandera|COL}} [[Martín Palacios]]",COL
"Inter Bogotá","Wuilker Fariñez","{{bandera|VEN}} [[Wuilker Fariñez]]",VEN
"Inter Bogotá","Juan Carrasco","{{bandera|COL}} [[Juan Carrasco (futbolista colombiano)|Juan Carrasco]]",COL
"Inter Bogotá","Eduar Esteban","{{bandera|COL}} [[Eduar Esteban]]",COL
"Inter Bogotá","Carlos Vivas","{{bandera|VEN}} [[Carlos Vivas]]",VEN
"Inter Bogotá","Mateo Rodas","{{bandera|COL}} [[Mateo Rodas]]",COL
"Inter Bogotá","Joao Abonía","{{bandera|COL}} [[Joao Abonía (futbolísta)|Joao Abonía]]",COL
"Inter Bogotá","Yulián Gómez","{{bandera|COL}} [[Yulián Gómez]]",COL
"Inter Bogotá","Joan Castro","{{bandera|COL}} [[Joan Castro]]",COL
"Inter Bogotá","Kalazán Suárez","{{bandera|COL}} [[Kalazán Suárez]]",COL
"Inter Bogotá","Agustín Irazoque","{{bandera|ARG}} [[Agustín Irazoque]]",ARG
"Inter Bogotá","Luis Mosquera","{{bandera|MEX}} [[Luis Fernando Mosquera Gómez|Luis Mosquera]]",MEX
"Inter Bogotá","Miguel Amaya","{{bandera|COL}} [[Miguel Amaya]]",COL
"Inter Bogotá","Larry Vásquez","{{bandera|COL}} [[Larry Vásquez]]",COL
"Inter Bogotá","Fabricio Sanguinetti","{{bandera|URU}} [[Fabricio Sanguinetti]]",URU
"Inter Bogotá","Samir Mayo","{{bandera|COL}} [[Samir Mayo Herrera|Samir Mayo]]",COL
"Inter Bogotá","Kevin Parra","{{bandera|COL}} [[Kevin Parra]]",COL
"Inter Bogotá","Facundo Boné","{{bandera|URU}} [[Facundo Boné]]",URU
"Inter Bogotá","Jean Colorado","{{bandera|COL}} [[Jean Colorado]]",COL
"Inter Bogotá","Dannovi Quiñones","{{bandera|COL}} [[Dannovi Quiñones]]",COL
"Inter Bogotá","Fabián Chaverra","{{bandera|COL}} [[Fabián Chaverra]]",COL
"Inter Bogotá","Dereck Moncada","{{bandera|HON}} [[Dereck Moncada]]",HON
"Inter Bogotá","Johan Caballero","{{bandera|COL}} [[Johan Caballero]]",COL
"Inter Bogotá","Rubén Manjarrés","{{bandera|COL}} [[Rubén Manjarrés]]",COL
"Inter Bogotá","Juan Valencia","{{bandera|COL}} [[Juan David Valencia Longa|Juan Valencia]]",COL
"Inter Bogotá","Bayron Caicedo","{{bandera|COL}} [[Bayron Caicedo]]",COL
"Inter Bogotá","Emilio Gutiérrez","{{bandera|COL}} [[Emilio Gutiérrez Bejarano|Emilio Gutiérrez]]",COL
"Inter Bogotá","Hather Cuesta","{{bandera|MEX}} [[Hather Emir Cuesta Murillo|Hather Cuesta]]",MEX
"Jaguares de Córdoba","Diego Martínez","{{bandera|COL}} [[Diego Alejandro Martínez|Diego Martínez]]",COL
"Jaguares de Córdoba","Franklin Mosquera","{{bandera|COL}} [[Franklin Mosquera]]",COL
"Jaguares de Córdoba","Kevin Saucedo","{{bandera|COL}} [[Kevin Saucedo]]",COL
"Jaguares de Córdoba","Didier Bueno","{{bandera|COL}} [[Didier Bueno]]",COL
"Jaguares de Córdoba","Yan Mosquera","{{bandera|COL}} [[Yan Mosquera]]",COL
"Jaguares de Córdoba","Jonathan Lovera","{{bandera|COL}} [[Jonathan Lovera]]",COL
"Jaguares de Córdoba","Mauricio Castaño","{{bandera|COL}} [[Mauricio Castaño Grisales|Mauricio Castaño]]",COL
"Jaguares de Córdoba","Luis Jiménez","{{bandera|COL}} [[Luis Enrique Jiménez|Luis Jiménez]]",COL
"Jaguares de Córdoba","Carlos Henao","{{bandera|COL}} [[Carlos Henao]]",COL
"Jaguares de Córdoba","Jhon Altamiranda","{{bandera|COL}} [[Jhon Altamiranda]]",COL
"Jaguares de Córdoba","Jhon Barrios","{{bandera|COL}} [[Jhon Deivy Barrios|Jhon Barrios]]",COL
"Jaguares de Córdoba","Carlos Ordoñez","{{bandera|COL}} [[Carlos Ordoñez]]",COL
"Jaguares de Córdoba","Alejandro Restrepo","{{bandera|COL}} [[Alejandro Restrepo Restrepo|Alejandro Restrepo]]",COL
"Jaguares de Córdoba","Fabián Mosquera","{{bandera|COL}} [[Fabián Mosquera]]",COL
"Jaguares de Córdoba","Duván Rodríguez","{{bandera|COL}} [[Duvan Rodríguez]]",COL
"Jaguares de Córdoba","Cristian Álvarez","{{bandera|ARG}} [[Cristián Marcelo Álvarez|Cristian Álvarez]]",ARG
"Jaguares de Córdoba","Johan Hinestroza","{{bandera|COL}} [[Johan Hinestroza]]",COL
"Jaguares de Córdoba","Bladimir Angulo","{{bandera|COL}} [[Bladimir Angulo]]",COL
"Jaguares de Córdoba","Jader Maza","{{bandera|COL}} [[Jader Maza]]",COL
"Jaguares de Córdoba","Jhonier Viveros","{{bandera|COL}} [[Jhonier Viveros]]",COL
"Jaguares de Córdoba","Jafe Pérez","{{bandera|COL}} [[Jafe Pérez]]",COL
"Jaguares de Córdoba","Royscer Colpa","{{bandera|COL}} [[Royscer Colpa]]",COL
"Jaguares de Córdoba","Yairo Moreno","{{bandera|COL}} [[Yairo Moreno]]",COL
"Jaguares de Córdoba","Wilfrido de la Rosa","{{bandera|COL}} [[Wilfrido de la Rosa]]",COL
"Jaguares de Córdoba","Samuel Perea","{{bandera|COL}} [[Samuel Perea Mosquera|Samuel Perea]]",COL
"Jaguares de Córdoba","Andrés Rentería","{{bandera|COL}} [[Andrés Rentería]]",COL
"Jaguares de Córdoba","Santiago Cubides","{{bandera|COL}} [[Santiago Cubides]]",COL
"Jaguares de Córdoba","Darwin López","{{bandera|COL}} [[Darwin López]]",COL
"Jaguares de Córdoba","Johar Mejía","{{bandera|COL}} [[Johar Mejía]]",COL
"Jaguares de Córdoba","Kahiser Lenis","{{bandera|PAN}} [[Kahiser Lenis]]",PAN
"Jaguares de Córdoba","Kevin Mosquera","{{bandera|COL}} [[Kevin Duván Mosquera|Kevin Mosquera]]",COL
Junior,"Mauro Silveira","{{bandera|URU}} [[Mauro Silveira]]",URU
Junior,"Jefersson Martínez","{{bandera|COL}} [[Jefersson Martínez]]",COL
Junior,"Edwin Herrera","{{bandera|COL}} [[Edwin Herrera]]",COL
Junior,"Daniel Rivera","{{bandera|COL}} [[Daniel Rivera]]",COL
Junior,"Carlos Pérez","{{bandera|COL}} [[Carlos Mario Pérez|Carlos Pérez]]",COL
Junior,"Jean Pestaña","{{bandera|COL}} [[Jean Carlos Pestaña]]",COL
Junior,"Yeison Suárez","{{bandera|COL}} [[Yeison Suárez]]",COL
Junior,"Jhon Navia","{{bandera|COL}} [[Jhon Navia]]",COL
Junior,"Lucas Monzón","{{bandera|URU}} [[Lucas Monzón]]",URU
Junior,"Jhomier Guerrero","{{bandera|COL}} [[Jhomier Guerrero]]",COL
Junior,"Jermein Peña","{{bandera|COL}} [[Jermein Peña]]",COL
Junior,"Dilan Villarreal","{{bandera|COL}} [[Dilan Villarreal]]",COL
Junior,"Yimmi Chará","{{bandera|COL}} [[Yimmi Chará]]",COL
Junior,"Juan Ríos","{{bandera|COL}} [[Juan David Ríos]]",COL
Junior,"Kevin Pérez","{{bandera|COL}} [[Kevin Pérez]]",COL
Junior,"Jannenson Sarmiento","{{bandera|COL}} [[Jannenson Sarmiento]]",COL
Junior,"Jesús Rivas","{{bandera|COL}} [[Jesús Rivas]]",COL
Junior,"Guillermo Celis","{{bandera|COL}} [[Guillermo Celis]]",COL
Junior,"Fabián Ángel","{{bandera|COL}} [[Fabián Ángel]]",COL
Junior,"Guillermo Paiva","{{bandera|PAR}} [[Guillermo Paiva]]",PAR
Junior,"Luis Muriel","{{bandera|COL}} [[Luis Muriel]]",COL
Junior,"Joel Canchimbo","{{bandera|COL}} [[Joel Canchimbo]]",COL
Junior,"Teófilo Gutiérrez","{{bandera|COL}} [[Teófilo Gutiérrez]]",COL
Junior,"Cristian Barrios","{{bandera|COL}} [[Cristian Darío Barrios|Cristian Barrios]]",COL
Junior,"Bryan Castrillón","{{bandera|COL}} [[Bryan Castrillón]]",COL
Junior,"Jaime Acosta","{{bandera|COL}} [[Jaime Acosta]]",COL
Junior,"Sebastián Araújo","{{bandera|COL}} [[Sebastián Araújo]] {{lesionado}}",COL
Junior,"Yeferson Moreno","{{bandera|COL}} [[Yeferson Moreno]]",COL
Junior,"Harold Rivera","{{bandera|COL}} [[Harold Rivera]]",COL
Junior,"Stiwart Acuña","{{bandera|COL}} [[Stiwart Acuña]]",COL
Junior,"Carlos Bacca","{{bandera|COL}} [[Carlos Bacca]] {{lesionado}}",COL
Junior,"Jesús Díaz","{{bandera|COL}} [[Jesús Manuel Díaz|Jesús Díaz]]",COL
Junior,"Déiber Caicedo","{{bandera|COL}} [[Déiber Caicedo]] {{lesionado}}",COL
Llaneros,"Miguel Ortega","{{bandera|MEX}} [[Miguel Ortega]]",MEX
Llaneros,"Juan Loaiza","{{bandera|COL}} [[Juan Camilo Loaiza|Juan Loaiza]]",COL
Llaneros,"Roameth Romaña","{{bandera|COL}} [[Roameth Romaña]]",COL
Llaneros,"Howell Mena","{{bandera|COL}} [[Howell Mena]]",COL
Llaneros,"Jhojan Escobar","{{bandera|COL}} [[Jhojan Escobar]]",COL
Llaneros,"Francisco Meza","{{bandera|COL}} [[Francisco Meza]]",COL
Llaneros,"Dennis Quintero","{{bandera|ECU}} [[Dennis Quintero]]",ECU
Llaneros,"Leider Riascos","{{bandera|COL}} [[Leider Riascos]]",COL
Llaneros,"Alejandro Moralez","{{bandera|COL}} [[Alejandro Moralez]]",COL
Llaneros,"Juan Pertuz","{{bandera|COL}} [[Juan David Pertuz|Juan Pertuz]]",COL
Llaneros,"Jimmy Medranda","{{bandera|COL}} [[Jimmy Medranda]]",COL
Llaneros,"Eyder Restrepo","{{bandera|COL}} [[Eyder Restrepo]]",COL
Llaneros,"Marlon Sierra","{{bandera|COL}} [[Marlon Ricardo Sierra|Marlon Sierra]]",COL
Llaneros,"Luis Miranda","{{bandera|COL}} [[Luis Fernando Miranda|Luis Miranda]]",COL
Llaneros,"Juan José Ramírez","{{bandera|COL}} [[Juan José Ramírez]]",COL
Llaneros,"Néider Ospina","{{bandera|COL}} [[Néider Ospina]]",COL
Llaneros,"Edwin Laszo","{{bandera|COL}} [[Edwin Laszo]]",COL
Llaneros,"Brian Benítez","{{bandera|ARG}} [[Brian Benítez]]",ARG
Llaneros,"Daniel Mantilla","{{bandera|COL}} [[Daniel Mantilla]]",COL
Llaneros,"Kelvin Osorio","{{bandera|COL}} [[Kelvin Osorio]]",COL
Llaneros,"Kevin Caicedo","{{bandera|COL}} [[Kevin Caicedo]]",COL
Llaneros,"Jhon Vásquez","{{bandera|COL}} [[Jhon Vásquez]]",COL
Llaneros,"Andrés Domingo López","{{bandera|COL}} [[Andrés Domingo López]]",COL
Llaneros,"Manuel Barreiro","{{bandera|COL}} [[Carlos Manuel Cortés Barreiro|Manuel Barreiro]]",COL
Llaneros,"Jhonier Blanco","{{bandera|COL}} [[Jhonier Blanco]]",COL
Llaneros,"Érik Bodencer","{{bandera|ARG}} [[Érik Bodencer]]",ARG
Llaneros,"Carlos Cortés","{{bandera|COL}} [[Carlos Cortés Barreiro|Carlos Cortés]]",COL
Millonarios,"Guillermo de Amores","{{bandera|URU}} [[Guillermo de Amores]]",URU
Millonarios,"Diego Novoa","{{bandera|COL}} [[Diego Novoa]]",COL
Millonarios,"Iván Díaz","{{bandera|COL}} [[Iván Díaz Amaris|Iván Díaz]]",COL
Millonarios,"David Rodríguez","{{bandera|COL}} [[David Eduardo Rodríguez Burbano|David Rodríguez]]",COL
Millonarios,"Carlos Sarabia","{{bandera|COL}} [[Carlos Sarabia]]",COL
Millonarios,"Samuel Martín","{{bandera|COL}} [[Samuel Martín]]",COL
Millonarios,"Sergio Mosquera","{{bandera|COL}} [[Sergio Mosquera]]",COL
Millonarios,"Jorge Arias","{{bandera|COL}} [[Jorge Arias]]",COL
Millonarios,"Danovis Banguero","{{bandera|COL}} [[Danovis Banguero]]",COL
Millonarios,"Sebastián Valencia","{{bandera|COL}} [[Sebastián Valencia Isaza|Sebastián Valencia]]",COL
Millonarios,"Andrés Llinás","{{bandera|COL}} [[Andrés Llinás]]",COL
Millonarios,"Álex Moreno","{{bandera|COL}} [[Álex Moreno]]",COL
Millonarios,"Édgar Elizalde","{{bandera|URU}} [[Édgar Elizalde]]",URU
Millonarios,"Nicolás Giraldo","{{bandera|COL}} [[Nicolás Giraldo]]",COL
Millonarios,"Cristian Uparela","{{bandera|COL}} [[Cristian Uparela]]",COL
Millonarios,"Darwin Quintero","{{bandera|COL}} [[Darwin Quintero]]",COL
Millonarios,"Dewar Victoria","{{bandera|COL}} [[Dewar Victoria]]",COL
Millonarios,"David Silva","{{bandera|COL}} [[David Mackalister Silva]]",COL
Millonarios,"Rodrigo Ureña","{{bandera|CHI}} [[Rodrigo Ureña]]",CHI
Millonarios,"Mateo García","{{bandera|COL}} [[Mateo García Rojas|Mateo García]]",COL
Millonarios,"Stiven Vega","{{bandera|COL}} [[Stiven Vega]]",COL
Millonarios,"Sebastián del Castillo","{{bandera|COL}} [[Sebastián del Castillo]]",COL
Millonarios,"Juan Carlos Pereira","{{bandera|COL}} [[Juan Carlos Pereira]]",COL
Millonarios,"Johan Rodallega","{{bandera|COL}} [[Johan Rodallega]]",COL
Millonarios,"Bayron García","{{bandera|COL}} [[Bayron García]]",COL
Millonarios,"Santiago Castrillón","{{bandera|COL}} [[Santiago Castrillón]]",COL
Millonarios,"Radamel Falcao","{{bandera|COL}} [[Radamel Falcao]]",COL
Millonarios,"Beckham Castro","{{bandera|COL}} [[Beckham Castro]]",COL
Millonarios,"Leonardo Castro","{{bandera|COL}} [[Leo Castro|Leonardo Castro]]",COL
Millonarios,"Julián Angulo","{{bandera|COL}} [[Julián Angulo Sevillano|Julián Angulo]]",COL
Millonarios,"Rodrigo Contreras","{{bandera|ARG}} [[Rodrigo Nicolás Contreras|Rodrigo Contreras]]",ARG
Millonarios,"Álex Castro","{{bandera|COL}} [[Álex Castro]]",COL
Millonarios,"Jorge Hurtado","{{bandera|COL}} [[Jorge Hurtado]]",COL
Millonarios,"Brayan Campaz","{{bandera|COL}} [[Brayan Campaz]]",COL
Millonarios,"Brayan Cuero","{{bandera|COL}} [[Brayan Cuero]]",COL
Millonarios,"Santiago Giordana","{{bandera|ARG}} [[Santiago Giordana]]",ARG
"Once Caldas","James Aguirre","{{bandera|COL}} [[James Aguirre]]",COL
"Once Caldas","Juan Gallego","{{bandera|COL}} [[Juan Esteban Muñoz Gallego|Juan Gallego]]",COL
"Once Caldas","Joan Parra","{{bandera|COL}} [[Joan Felipe Parra Marin|Joan Parra]]",COL
"Once Caldas","Jorge Cardona","{{bandera|COL}} [[Jorge Luis Cardona|Jorge Cardona]]",COL
"Once Caldas","Efraín Navarro","{{bandera|COL}} [[Efraín Navarro]]",COL
"Once Caldas","Stalin Valencia","{{bandera|ECU}} [[Stalin Valencia]]",ECU
"Once Caldas","Juan Castaño","{{bandera|COL}} [[Juan Felipe Castaño]]",COL
"Once Caldas","Jáider Riquett","{{bandera|COL}} [[Jáider Riquett]]",COL
"Once Caldas","Juan David Cuesta","{{bandera|COL}} [[Juan David Cuesta]]",COL
"Once Caldas","Kevin Cuesta","{{bandera|COL}} [[Kevin Cuesta]]",COL
"Once Caldas","Kevin Tamayo","{{bandera|COL}} [[Kevin Tamayo]]",COL
"Once Caldas","Yeferson Rodallega","{{bandera|COL}} [[Yeferson Rodallega]]",COL
"Once Caldas","Iván Rojas","{{bandera|COL}} [[Iván Rojas]]",COL
"Once Caldas","Jaime Alvarado","{{bandera|COL}} [[Jaime Alvarado]]",COL
"Once Caldas","Michael Barrios","{{bandera|COL}} [[Michael Barrios]]",COL
"Once Caldas","Andrés Roa","{{bandera|COL}} [[Andrés Felipe Roa|Andrés Roa]]",COL
"Once Caldas","Esteban Beltrán","{{bandera|COL}} [[Esteban Beltrán]]",COL
"Once Caldas","Luis Sánchez","{{bandera|COL}} [[Luis Francisco Sánchez|Luis Sánchez]]",COL
"Once Caldas","Tomás García","{{bandera|COL}} [[Tomás García Rojas|Tomás García]]",COL
"Once Caldas","Kevin Villada","{{bandera|COL}} [[Kevin Villada]]",COL
"Once Caldas","Mateo Zuleta","{{bandera|COL}} [[Mateo Zuleta]]",COL
"Once Caldas","Yeiler Valencia","{{bandera|COL}} [[Yeiler Valencia]]",COL
"Once Caldas","Déinner Quiñones","{{bandera|COL}} [[Déinner Quiñones]]",COL
"Once Caldas","Robert Mejía","{{bandera|COL}} [[Robert Mejía]]",COL
"Once Caldas","Rafael Acuña","{{bandera|COL}} [[Rafael Acuña]]",COL
"Once Caldas","Jáder Quiñones","{{bandera|COL}} [[Jáder Quiñones]]",COL
"Once Caldas","Pipe Gómez","{{bandera|COL}} [[Pipe Gómez]]",COL
"Once Caldas","Jefry Zapata","{{bandera|COL}} [[Jefry Zapata]]",COL
"Once Caldas","Dayro Moreno","{{bandera|COL}} [[Dayro Moreno]]",COL
"Águilas Doradas","Iván Arboleda","{{bandera|COL}} [[Iván Arboleda]]",COL
"Águilas Doradas","Andrés Salazar","{{bandera|HON}} [[Andrés Felipe Salazar|Andrés Salazar]]",HON
"Águilas Doradas","John García","{{bandera|COL}} [[John Edison García|John García]]",COL
"Águilas Doradas","Mateo Puerta","{{bandera|COL}} [[Mateo Puerta]]",COL
"Águilas Doradas","Diego Hernández","{{bandera|COL}} [[Diego Armando Hernández|Diego Hernández]]",COL
"Águilas Doradas","Andrés Álvarez","{{bandera|COL}} [[Andrés Felipe Álvarez|Andrés Álvarez]]",COL
"Águilas Doradas","Dylan Lozano","{{bandera|COL}} [[Dylan Lozano]]",COL
"Águilas Doradas","Hernán Lopes","{{bandera|ARG}} [[Hernán Lopes]]",ARG
"Águilas Doradas","Nicolás Lara","{{bandera|COL}} [[Nicolás Lara]]",COL
"Águilas Doradas","Javier Mena","{{bandera|COL}} [[Javier Alexander Mena|Javier Mena]] {{canterano}}",COL
"Águilas Doradas","Juan José Aguilar","{{bandera|COL}} [[Juan José Aguilar]]",COL
"Águilas Doradas","Joaquín Varela","{{bandera|COL}} [[Joaquín Varela]]",COL
"Águilas Doradas","Alberto Higgins","{{bandera|COL}} [[Alberto Higgins]]",COL
"Águilas Doradas","Andrés Ricaurte","{{bandera|COL}} [[Andrés Ricaurte]]",COL
"Águilas Doradas","Bryan Urueña","{{bandera|COL}} [[Bryan Urueña]]",COL
"Águilas Doradas","Fabián Charales","{{bandera|COL}} [[Fabián Charales]]",COL
"Águilas Doradas","Jean Pineda","{{bandera|COL}} [[Jean Pineda]]",COL
"Águilas Doradas","Carlos Londoño","{{bandera|COL}} [[Carlos Felipe Londoño Giraldo|Carlos Londoño]] {{canterano}}",COL
"Águilas Doradas","Frank Lozano","{{bandera|COL}} [[Frank Lozano]]",COL
"Águilas Doradas","Juan Esteban Ávalo","{{bandera|COL}} [[Juan Esteban Ávalo]] {{canterano}}",COL
"Águilas Doradas","Juan Camilo Roa","{{bandera|COL}} [[Juan Camilo Roa]]",COL
"Águilas Doradas","Cristian Caicedo","{{bandera|COL}} [[Cristian David Caicedo Castillo|Cristian Caicedo]]",COL
"Águilas Doradas","Jorge Rivaldo","{{bandera|COL}} [[Jorge Rivaldo]]",COL
"Águilas Doradas","Cristian Cañozales","{{bandera|COL}} [[Cristian Cañozales]]",COL
"Águilas Doradas","Royner Benítez","{{bandera|COL}} [[Royner Benítez]] {{canterano}}",COL
"Águilas Doradas","Jorge Obregón","{{bandera|COL}} [[Jorge Obregón]]",COL
